Workbook
Name Avg_Power: 'Cause–Effect Analysis'!$B$14
Name Avg_Power_v: 'Cause–Effect Analysis'!$B$18
Name Avg_T_name: 'Cause–Effect Analysis'!$B$2
Name Avg_T_value: 'Cause–Effect Analysis'!$B$6
Name Avg_Tool_wear: 'Cause–Effect Analysis'!$B$20
Name Avg_Tool_wear_v: 'Cause–Effect Analysis'!$B$24
Name Avg_ToolWear_Torque: 'Cause–Effect Analysis'!$B$8
Name Avg_ToolWear_Torque_v: 'Cause–Effect Analysis'!$B$12
Name failure: total!$B$2
Name failure_rate: total!$C$2
Name Failure_Rate_HDF: 'Cause–Effect Analysis'!$D$6
Name Failure_Rate_OSF: 'Cause–Effect Analysis'!$D$12
Name Failure_Rate_PWF: 'Cause–Effect Analysis'!$D$18
Name Failure_Rate_RNF: 'Cause–Effect Analysis'!$C$30
Name Failure_Rate_TWF: 'Cause–Effect Analysis'!$D$24
Name fbd: #REF!
Name FMC: FB.PT!$B$4
Name FMN: FB.PT!$A$4
Name FMP: FB.PT!$C$4
Name g_total: 'MFA BY PT'!$B$7
Name H: #REF!
Name HDF: FB.T!$B$2
Name HDF_count: 'Cause–Effect Analysis'!$C$6
Name hdfp: #REF!
Name OSF: FB.T!$B$3
Name OSF_Count: 'Cause–Effect Analysis'!$C$12
Name OSF_Count_name: 'Cause–Effect Analysis'!$C$8
Name OSF_Count_value: 'Cause–Effect Analysis'!$C$12
Name osfp: #REF!
Name power: total!$E$2
Name PWF: FB.T!$B$4
Name PWF_Count_n: 'Cause–Effect Analysis'!$C$14
Name PWF_Count_v: 'Cause–Effect Analysis'!$C$18
Name pwfp: #REF!
Name RNF: FB.T!$B$6
Name RNF_Count: 'Cause–Effect Analysis'!$B$30
Name rnfp: #REF!
Name Slicer_failur_mode: #N/A
Name Slicer_Type2: #N/A
Name tool_wear: total!$D$2
Name total: total!$A$2:$A$2
Name TWF: FB.T!$B$5
Name TWF_Count: 'Cause–Effect Analysis'!$C$24
Name twfp: #REF!
Name ywfp: #REF!

Sheet raw data
A1: UDI | B1: Product ID | C1: Type | D1: Air temperature [K] | E1: Process temperature [K] | F1: Temperature difference [K] | G1: Rotational speed [rpm] | H1: Rotational speed (rad/s) | I1: Torque [Nm] | J1: Power (W) | K1: Tool wear [min] | L1: ToolWear_Torque | M1: Machine failure | N1: TWF | O1: HDF | P1: PWF | Q1: OSF | R1: RNF
A2: 1 | B2: M14860 | C2: M | D2: 298.1 | E2: 308.6 | F2: =E2-D2 -> 10.5 | G2: 1551 | H2: =G2* 2 * PI() / 60 -> 162.42034 | I2: 42.8 | J2: =H2*I2 -> 6951.5906 | K2: 0 | L2: =I2*K2 -> 0 | M2: 0 | N2: 0 | O2: 0 | P2: 0 | Q2: 0 | R2: 0
A3: 2 | B3: L47181 | C3: L | D3: 298.2 | E3: 308.7 | F3: =E3-D3 -> 10.5 | G3: 1408 | H3: =G3* 2 * PI() / 60 -> 147.44542 | I3: 46.3 | J3: =H3*I3 -> 6826.7227 | K3: 3 | L3: =I3*K3 -> 138.9 | M3: 0 | N3: 0 | O3: 0 | P3: 0 | Q3: 0 | R3: 0
A4: 3 | B4: L47182 | C4: L | D4: 298.1 | E4: 308.5 | F4: =E4-D4 -> 10.4 | G4: 1498 | H4: =G4* 2 * PI() / 60 -> 156.87019 | I4: 49.4 | J4: =H4*I4 -> 7749.3875 | K4: 5 | L4: =I4*K4 -> 247 | M4: 0 | N4: 0 | O4: 0 | P4: 0 | Q4: 0 | R4: 0
A5: 4 | B5: L47183 | C5: L | D5: 298.2 | E5: 308.6 | F5: =E5-D5 -> 10.4 | G5: 1433 | H5: =G5* 2 * PI() / 60 -> 150.06341 | I5: 39.5 | J5: =H5*I5 -> 5927.5047 | K5: 7 | L5: =I5*K5 -> 276.5 | M5: 0 | N5: 0 | O5: 0 | P5: 0 | Q5: 0 | R5: 0
A6: 5 | B6: L47184 | C6: L | D6: 298.2 | E6: 308.7 | F6: =E6-D6 -> 10.5 | G6: 1408 | H6: =G6* 2 * PI() / 60 -> 147.44542 | I6: 40 | J6: =H6*I6 -> 5897.8166 | K6: 9 | L6: =I6*K6 -> 360 | M6: 0 | N6: 0 | O6: 0 | P6: 0 | Q6: 0 | R6: 0
A7: 6 | B7: M14865 | C7: M | D7: 298.1 | E7: 308.6 | F7: =E7-D7 -> 10.5 | G7: 1425 | H7: =G7* 2 * PI() / 60 -> 149.22565 | I7: 41.9 | J7: =H7*I7 -> 6252.5548 | K7: 11 | L7: =I7*K7 -> 460.9 | M7: 0 | N7: 0 | O7: 0 | P7: 0 | Q7: 0 | R7: 0
A8: 7 | B8: L47186 | C8: L | D8: 298.1 | E8: 308.6 | F8: =E8-D8 -> 10.5 | G8: 1558 | H8: =G8* 2 * PI() / 60 -> 163.15338 | I8: 42.4 | J8: =H8*I8 -> 6917.7032 | K8: 14 | L8: =I8*K8 -> 593.6 | M8: 0 | N8: 0 | O8: 0 | P8: 0 | Q8: 0 | R8: 0
A9: 8 | B9: L47187 | C9: L | D9: 298.1 | E9: 308.6 | F9: =E9-D9 -> 10.5 | G9: 1527 | H9: =G9* 2 * PI() / 60 -> 159.90707 | I9: 40.2 | J9: =H9*I9 -> 6428.2641 | K9: 16 | L9: =I9*K9 -> 643.2 | M9: 0 | N9: 0 | O9: 0 | P9: 0 | Q9: 0 | R9: 0
A10: 9 | B10: M14868 | C10: M | D10: 298.3 | E10: 308.7 | F10: =E10-D10 -> 10.4 | G10: 1667 | H10: =G10* 2 * PI() / 60 -> 174.56783 | I10: 28.6 | J10: =H10*I10 -> 4992.64 | K10: 18 | L10: =I10*K10 -> 514.8 | M10: 0 | N10: 0 | O10: 0 | P10: 0 | Q10: 0 | R10: 0
A11: 10 | B11: M14869 | C11: M | D11: 298.5 | E11: 309 | F11: =E11-D11 -> 10.5 | G11: 1741 | H11: =G11* 2 * PI() / 60 -> 182.31709 | I11: 28 | J11: =H11*I11 -> 5104.8786 | K11: 21 | L11: =I11*K11 -> 588 | M11: 0 | N11: 0 | O11: 0 | P11: 0 | Q11: 0 | R11: 0
A12: 11 | B12: H29424 | C12: H | D12: 298.4 | E12: 308.9 | F12: =E12-D12 -> 10.5 | G12: 1782 | H12: =G12* 2 * PI() / 60 -> 186.6106 | I12: 23.9 | J12: =H12*I12 -> 4459.9934 | K12: 24 | L12: =I12*K12 -> 573.6 | M12: 0 | N12: 0 | O12: 0 | P12: 0 | Q12: 0 | R12: 0
A13: 12 | B13: H29425 | C13: H | D13: 298.6 | E13: 309.1 | F13: =E13-D13 -> 10.5 | G13: 1423 | H13: =G13* 2 * PI() / 60 -> 149.01621 | I13: 44.3 | J13: =H13*I13 -> 6601.4182 | K13: 29 | L13: =I13*K13 -> 1284.7 | M13: 0 | N13: 0 | O13: 0 | P13: 0 | Q13: 0 | R13: 0
... A10001: 10000 | B10001: M24859 | C10001: M | D10001: 299 | E10001: 308.7 | F10001: =E10001-D10001 -> 9.7 | G10001: 1500 | H10001: =G10001* 2 * PI() / 60 -> 157.07963 | I10001: 40.2 | J10001: =H10001*I10001 -> 6314.6012 | K10001: 30 | L10001: =I10001*K10001 -> 1206 | M10001: 0 | N10001: 0 | O10001: 0 | P10001: 0 | Q10001: 0 | R10001: 0

Sheet MACHINE FAILURE ANALYSIS
A1: UDI | B1: Product ID | C1: Type | D1: Air temperature [K] | E1: Process temperature [K] | F1: Temperature difference [K] | G1: Rotational speed [rpm] | H1: Rotational speed (rad/s) | I1: Torque [Nm] | J1: Power (W) | K1: Tool wear [min] | L1: ToolWear_Torque | M1: Machine failure | N1: TWF | O1: HDF | P1: PWF | Q1: OSF | R1: RNF
A2: 1 | B2: M14860 | C2: M | D2: 298.1 | E2: 308.6 | F2: 10.5 | G2: 1551 | H2: 162.42034 | I2: 42.8 | J2: 6951.5906 | K2: 0 | L2: 0 | M2: 0 | N2: 0 | O2: 0 | P2: 0 | Q2: 0 | R2: 0 | S2: =GETPIVOTDATA("Sum of Machine failure",$P$1,"Type","H")/GETPIVOTDATA("Count of UDI",$P$1,"Type","H") -> #REF!
A3: 2 | B3: L47181 | C3: L | D3: 298.2 | E3: 308.7 | F3: 10.5 | G3: 1408 | H3: 147.44542 | I3: 46.3 | J3: 6826.7227 | K3: 3 | L3: 138.9 | M3: 0 | N3: 0 | O3: 0 | P3: 0 | Q3: 0 | R3: 0 | S3: =GETPIVOTDATA("Sum of Machine failure",$P$1,"Type","L")/GETPIVOTDATA("Count of UDI",$P$1,"Type","L") -> #REF!
A4: 3 | B4: L47182 | C4: L | D4: 298.1 | E4: 308.5 | F4: 10.4 | G4: 1498 | H4: 156.87019 | I4: 49.4 | J4: 7749.3875 | K4: 5 | L4: 247 | M4: 0 | N4: 0 | O4: 0 | P4: 0 | Q4: 0 | R4: 0 | S4: =GETPIVOTDATA("Sum of Machine failure",$P$1,"Type","M")/GETPIVOTDATA("Count of UDI",$P$1,"Type","M") -> #REF!
A5: 4 | B5: L47183 | C5: L | D5: 298.2 | E5: 308.6 | F5: 10.4 | G5: 1433 | H5: 150.06341 | I5: 39.5 | J5: 5927.5047 | K5: 7 | L5: 276.5 | M5: 0 | N5: 0 | O5: 0 | P5: 0 | Q5: 0 | R5: 0 | S5: =GETPIVOTDATA("Sum of Machine failure",$P$1)/GETPIVOTDATA("Count of UDI",$P$1) -> #REF!
A6: 5 | B6: L47184 | C6: L | D6: 298.2 | E6: 308.7 | F6: 10.5 | G6: 1408 | H6: 147.44542 | I6: 40 | J6: 5897.8166 | K6: 9 | L6: 360 | M6: 0 | N6: 0 | O6: 0 | P6: 0 | Q6: 0 | R6: 0
A7: 6 | B7: M14865 | C7: M | D7: 298.1 | E7: 308.6 | F7: 10.5 | G7: 1425 | H7: 149.22565 | I7: 41.9 | J7: 6252.5548 | K7: 11 | L7: 460.9 | M7: 0 | N7: 0 | O7: 0 | P7: 0 | Q7: 0 | R7: 0
A8: 7 | B8: L47186 | C8: L | D8: 298.1 | E8: 308.6 | F8: 10.5 | G8: 1558 | H8: 163.15338 | I8: 42.4 | J8: 6917.7032 | K8: 14 | L8: 593.6 | M8: 0 | N8: 0 | O8: 0 | P8: 0 | Q8: 0 | R8: 0
A9: 8 | B9: L47187 | C9: L | D9: 298.1 | E9: 308.6 | F9: 10.5 | G9: 1527 | H9: 159.90707 | I9: 40.2 | J9: 6428.2641 | K9: 16 | L9: 643.2 | M9: 0 | N9: 0 | O9: 0 | P9: 0 | Q9: 0 | R9: 0
A10: 9 | B10: M14868 | C10: M | D10: 298.3 | E10: 308.7 | F10: 10.4 | G10: 1667 | H10: 174.56783 | I10: 28.6 | J10: 4992.64 | K10: 18 | L10: 514.8 | M10: 0 | N10: 0 | O10: 0 | P10: 0 | Q10: 0 | R10: 0
A11: 10 | B11: M14869 | C11: M | D11: 298.5 | E11: 309 | F11: 10.5 | G11: 1741 | H11: 182.31709 | I11: 28 | J11: 5104.8786 | K11: 21 | L11: 588 | M11: 0 | N11: 0 | O11: 0 | P11: 0 | Q11: 0 | R11: 0
A12: 11 | B12: H29424 | C12: H | D12: 298.4 | E12: 308.9 | F12: 10.5 | G12: 1782 | H12: 186.6106 | I12: 23.9 | J12: 4459.9934 | K12: 24 | L12: 573.6 | M12: 0 | N12: 0 | O12: 0 | P12: 0 | Q12: 0 | R12: 0
A13: 12 | B13: H29425 | C13: H | D13: 298.6 | E13: 309.1 | F13: 10.5 | G13: 1423 | H13: 149.01621 | I13: 44.3 | J13: 6601.4182 | K13: 29 | L13: 1284.7 | M13: 0 | N13: 0 | O13: 0 | P13: 0 | Q13: 0 | R13: 0
A14: 13 | B14: M14872 | C14: M | D14: 298.6 | E14: 309.1 | F14: 10.5 | G14: 1339 | H14: 140.21975 | I14: 51.1 | J14: 7165.2293 | K14: 34 | L14: 1737.4 | M14: 0 | N14: 0 | O14: 0 | P14: 0 | Q14: 0 | R14: 0
A15: 14 | B15: M14873 | C15: M | D15: 298.6 | E15: 309.2 | F15: 10.6 | G15: 1742 | H15: 182.42181 | I15: 30 | J15: 5472.6544 | K15: 37 | L15: 1110 | M15: 0 | N15: 0 | O15: 0 | P15: 0 | Q15: 0 | R15: 0
A16: 15 | B16: L47194 | C16: L | D16: 298.6 | E16: 309.2 | F16: 10.6 | G16: 2035 | H16: 213.1047 | I16: 19.6 | J16: 4176.8522 | K16: 40 | L16: 784 | M16: 0 | N16: 0 | O16: 0 | P16: 0 | Q16: 0 | R16: 0
A17: 16 | B17: L47195 | C17: L | D17: 298.6 | E17: 309.2 | F17: 10.6 | G17: 1542 | H17: 161.47786 | I17: 48.4 | J17: 7815.5285 | K17: 42 | L17: 2032.8 | M17: 0 | N17: 0 | O17: 0 | P17: 0 | Q17: 0 | R17: 0
... A10001: 10000 | B10001: M24859 | C10001: M | D10001: 299 | E10001: 308.7 | F10001: 9.7 | G10001: 1500 | H10001: 157.07963 | I10001: 40.2 | J10001: 6314.6012 | K10001: 30 | L10001: 1206 | M10001: 0 | N10001: 0 | O10001: 0 | P10001: 0 | Q10001: 0 | R10001: 0

Sheet Dashboard_sheet
A1: Machine Failure Analysis Dashboard
A2: Key Metrics (KPI)
A3: Shows total products, failure counts, failure rates, and major failure modes
A4: Legend: Product types: H = High, M = Medium, L = Low | Failure types: HDF = Heat Dissipation, OSF = Overstress, PWF = Power/Performance, TWF = Tool Wear, RNF = Random
Q5: Failur mode

Sheet Analysis_sheet
A1: Cause–Effect Analysis
A2: Breakdown of all failures by type to visualize dominant failure modes.
A3: Legend: Product types: H = High, M = Medium, L = Low | Failure types: HDF = Heat Dissipation, OSF = Overstress, PWF = Power/Performance, TWF = Tool Wear, RNF = Random

Sheet Cause–Effect Analysis
A1: HDF (Heat Dissipation Failure)
A2: Type | B2: Avg ΔT (k) | C2: HDF count | D2: Failure Rate (HDF)
A3: H | B3: 10.058724 | C3: 8 | D3: 0.0079760718
A4: M | B4: 9.9895229 | C4: 31 | D4: 0.010343677
A5: L | B5: 9.9964667 | C5: 76 | D5: 0.012666667
A6: Grand Total | B6: 10.00063 | C6: 115 | D6: 0.0115
A7: OSF (Overstrain Failure)
A8: Type | B8: Avg ToolWear_Torque | C8: OSF Count | D8: Failure Rate (OSF)
A9: H | B9: 4280.8613 | C9: 2 | D9: 0.0019940179
A10: M | B10: 4272.3006 | C10: 9 | D10: 0.003003003
A11: L | B11: 4341.4761 | C11: 87 | D11: 0.0145
A12: Grand Total | B12: 4314.6645 | C12: 98 | D12: 0.0098
A13: PWF (Power Failure)
A14: Type | B14: Avg Power (w) | C14: PWF Count | D14: Failure Rate (PWF)
A15: H | B15: 6263.5652 | C15: 5 | D15: 0.0049850449
A16: L | B16: 6282.7526 | C16: 59 | D16: 0.0098333333
A17: M | B17: 6279.1384 | C17: 31 | D17: 0.010343677
A18: Grand Total | B18: 6279.745 | C18: 95 | D18: 0.0095
A19: TWF (Tool Wear Failure)
A20: Type | B20: Avg Tool wear (min) | C20: TWF Count | D20: Failure Rate (TWF)
A21: L | B21: 108.37883 | C21: 25 | D21: 0.0041666667
A22: M | B22: 107.27227 | C22: 14 | D22: 0.004671338
A23: H | B23: 107.41974 | C23: 7 | D23: 0.0069790628
A24: Grand Total | B24: 107.951 | C24: 46 | D24: 0.0046
A25: RNF (Random Failure)
A26: Type | B26: RNF Count | C26: Failure Rate (RNF)
A27: M | B27: 2 | C27: 0.000667334
A28: L | B28: 13 | C28: 0.0021666667
A29: H | B29: 4 | C29: 0.0039880359
A30: Grand Total | B30: 19 | C30: 0.0019
A32: Row Labels | B32: Sum of count | C32: Sum of %
A33: HDF | B33: 115 | C33: 0.30831099
A34: OSF | B34: 98 | C34: 0.26273458
A35: PWF | B35: 95 | C35: 0.25469169
A36: RNF | B36: 19 | C36: 0.050938338
A37: TWF | B37: 46 | C37: 0.1233244
A38: Grand Total | B38: 373 | C38: 1

Sheet PL
A3: Product Type | B3: Total Products
A4: H | B4: 1003
A5: M | B5: 2997
A6: L | B6: 6000
A7: Grand Total | B7: 10000

Sheet MFA BY PT
A3: Product Type | B3: Number of Machine failure | C3: Failure Rate (%)
A4: H | B4: 24 | C4: 0.023928215
A5: M | B5: 81 | C5: 0.027027027
A6: L | B6: 243 | C6: 0.0405
A7: Grand Total | B7: 348 | C7: 0.0348

Sheet Failure Mode Breakdown
A3: Row Labels | B3: TWF | C3: HDF | D3: PWF | E3: OSF | F3: RNF
A4: H | B4: 7 | C4: 8 | D4: 5 | E4: 2 | F4: 4
A5: M | B5: 14 | C5: 31 | D5: 31 | E5: 9 | F5: 2
A6: L | B6: 25 | C6: 76 | D6: 59 | E6: 87 | F6: 13
A7: Grand Total | B7: 46 | C7: 115 | D7: 95 | E7: 98 | F7: 19

Sheet total
A1: Total Products | B1: Total Failures | C1: Overall Failure Rate (%) | D1: Average Tool Wear (min) | E1: Average Power (W)
A2: =COUNTA(MACHINE_FAILURE_ANALYSIS[Product ID]) -> 10000 | B2: =SUM(MACHINE_FAILURE_ANALYSIS[Machine failure]) -> 348 | C2: =B2/A2 -> 0.0348 | D2: =AVERAGE(MACHINE_FAILURE_ANALYSIS[Tool wear '[min']]) -> 107.951 | E2: =AVERAGE(MACHINE_FAILURE_ANALYSIS[Power (W)]) -> 6279.745

Sheet FB.T
A1: failur mode | B1: count | C1: %
A2: HDF | B2: =SUM(MACHINE_FAILURE_ANALYSIS[HDF]) -> 115 | C2: =HDF/SUM(FB.T!$B$2:$B$6) -> 0.30831099
A3: OSF | B3: =SUM(MACHINE_FAILURE_ANALYSIS[OSF]) -> 98 | C3: =OSF/SUM(FB.T!$B$2:$B$6) -> 0.26273458
A4: PWF | B4: =SUM(MACHINE_FAILURE_ANALYSIS[PWF]) -> 95 | C4: =PWF/SUM(FB.T!$B$2:$B$6) -> 0.25469169
A5: TWF | B5: =SUM(MACHINE_FAILURE_ANALYSIS[TWF]) -> 46 | C5: =TWF/SUM(FB.T!$B$2:$B$6) -> 0.1233244
A6: RNF | B6: =SUM(MACHINE_FAILURE_ANALYSIS[RNF]) -> 19 | C6: =RNF/SUM(FB.T!$B$2:$B$6) -> 0.050938338

Sheet FB.PT
A3: Row Labels | B3: Sum of count | C3: Sum of %
A4: HDF | B4: 115 | C4: 0.30831099
A5: Grand Total | B5: 115 | C5: 0.30831099
